{
    "original_image_path": "/root/autodl-tmp/data/SAM3_data/AMOS2022/image/x/amos_0551_1.png",
    "output_image_path": "/root/autodl-tmp/work/sam3_med_agent_eval/outputs/AMOS2022_test50/per_case/amos_0551_1/sam_out/-root-autodl-tmp-data-SAM3_data-AMOS2022-image-x-amos_0551_1.png/aorta.png",
    "orig_img_h": 468,
    "orig_img_w": 576,
    "pred_boxes": [
        [
            0.49029821157455444,
            0.503757655620575,
            0.043761253356933594,
            0.0497167706489563
        ]
    ],
    "pred_masks": [
        "_bQ4:X>4M1O2O1N1O2O0O2O000000000000O2O000O2O1N1O3N2L6JkWj3"
    ],
    "pred_scores": [
        0.7265625
    ]
}