{
  "num_records": 2357,
  "mean_dice": 0.5618474318633558,
  "mean_iou": 0.5188687155844873,
  "max_dice": 0.9927423958248389,
  "min_dice": 0.0,
  "max_iou": 0.9855893782383419,
  "min_iou": 0.0,
  "num_failures": 5,
  "num_no_pred_mask": 855,
  "by_label": {
    "aorta": {
      "count": 282,
      "num_valid": 282,
      "num_errors": 0,
      "num_no_pred_mask": 3,
      "mean_dice": 0.8510048855210297,
      "max_dice": 0.9872122762148338,
      "min_dice": 0.0,
      "mean_iou": 0.7796334491346455,
      "max_iou": 0.9747474747474747,
      "min_iou": 0.0
    },
    "inferior_vena_cava": {
      "count": 214,
      "num_valid": 214,
      "num_errors": 0,
      "num_no_pred_mask": 94,
      "mean_dice": 0.4468557594131379,
      "max_dice": 0.9655172413793104,
      "min_dice": 0.0,
      "mean_iou": 0.38966482113980266,
      "max_iou": 0.9333333333333333,
      "min_iou": 0.0
    },
    "duodenum": {
      "count": 149,
      "num_valid": 149,
      "num_errors": 0,
      "num_no_pred_mask": 83,
      "mean_dice": 0.28049610837553446,
      "max_dice": 0.9515072083879423,
      "min_dice": 0.0,
      "mean_iou": 0.22396452887685736,
      "max_iou": 0.9075,
      "min_iou": 0.0
    },
    "kidney_right": {
      "count": 168,
      "num_valid": 168,
      "num_errors": 0,
      "num_no_pred_mask": 120,
      "mean_dice": 0.27042515012242063,
      "max_dice": 0.9915551760129044,
      "min_dice": 0.0,
      "mean_iou": 0.25714930511390355,
      "max_iou": 0.9832517877305231,
      "min_iou": 0.0
    },
    "kidney_left": {
      "count": 159,
      "num_valid": 159,
      "num_errors": 0,
      "num_no_pred_mask": 159,
      "mean_dice": 0.0,
      "max_dice": 0.0,
      "min_dice": 0.0,
      "mean_iou": 0.0,
      "max_iou": 0.0,
      "min_iou": 0.0
    },
    "liver": {
      "count": 383,
      "num_valid": 383,
      "num_errors": 0,
      "num_no_pred_mask": 11,
      "mean_dice": 0.9200864153498244,
      "max_dice": 0.9896778229590241,
      "min_dice": 0.0,
      "mean_iou": 0.8783804097446761,
      "max_iou": 0.9795665634674923,
      "min_iou": 0.0
    },
    "pancreas": {
      "count": 168,
      "num_valid": 168,
      "num_errors": 0,
      "num_no_pred_mask": 55,
      "mean_dice": 0.5372266761635113,
      "max_dice": 0.9463986599664992,
      "min_dice": 0.0,
      "mean_iou": 0.4603985614681121,
      "max_iou": 0.8982511923688394,
      "min_iou": 0.0
    },
    "spleen": {
      "count": 224,
      "num_valid": 224,
      "num_errors": 0,
      "num_no_pred_mask": 24,
      "mean_dice": 0.8495836186309387,
      "max_dice": 0.9927423958248389,
      "min_dice": 0.0,
      "mean_iou": 0.8174627615471357,
      "max_iou": 0.9855893782383419,
      "min_iou": 0.0
    },
    "stomach": {
      "count": 259,
      "num_valid": 259,
      "num_errors": 0,
      "num_no_pred_mask": 33,
      "mean_dice": 0.7791121530317434,
      "max_dice": 0.9881796690307328,
      "min_dice": 0.0,
      "mean_iou": 0.716096315061742,
      "max_iou": 0.9766355140186916,
      "min_iou": 0.0
    },
    "adrenal_gland_left": {
      "count": 88,
      "num_valid": 88,
      "num_errors": 0,
      "num_no_pred_mask": 88,
      "mean_dice": 0.0,
      "max_dice": 0.0,
      "min_dice": 0.0,
      "mean_iou": 0.0,
      "max_iou": 0.0,
      "min_iou": 0.0
    },
    "gallbladder": {
      "count": 92,
      "num_valid": 92,
      "num_errors": 0,
      "num_no_pred_mask": 30,
      "mean_dice": 0.602603985692301,
      "max_dice": 0.976551724137931,
      "min_dice": 0.0,
      "mean_iou": 0.5564190860354238,
      "max_iou": 0.954177897574124,
      "min_iou": 0.0
    },
    "adrenal_gland_right": {
      "count": 72,
      "num_valid": 72,
      "num_errors": 0,
      "num_no_pred_mask": 72,
      "mean_dice": 0.0,
      "max_dice": 0.0,
      "min_dice": 0.0,
      "mean_iou": 0.0,
      "max_iou": 0.0,
      "min_iou": 0.0
    },
    "esophagus": {
      "count": 94,
      "num_valid": 94,
      "num_errors": 0,
      "num_no_pred_mask": 83,
      "mean_dice": 0.08984872953248633,
      "max_dice": 0.9035812672176309,
      "min_dice": 0.0,
      "mean_iou": 0.07473086437634617,
      "max_iou": 0.8241206030150754,
      "min_iou": 0.0
    },
    "单标签追问": {
      "count": 5,
      "num_valid": 0,
      "num_errors": 5,
      "num_no_pred_mask": 0,
      "mean_dice": null,
      "max_dice": null,
      "min_dice": null,
      "mean_iou": null,
      "max_iou": null,
      "min_iou": null
    }
  },
  "by_turn": {
    "1": {
      "count": 422,
      "num_valid": 422,
      "num_errors": 0,
      "num_no_pred_mask": 115,
      "mean_dice": 0.6858150978856564,
      "max_dice": 0.9927423958248389,
      "min_dice": 0.0,
      "mean_iou": 0.6551849498954554,
      "max_iou": 0.9855893782383419,
      "min_iou": 0.0
    },
    "2": {
      "count": 415,
      "num_valid": 412,
      "num_errors": 3,
      "num_no_pred_mask": 168,
      "mean_dice": 0.5442285077950625,
      "max_dice": 0.9915551760129044,
      "min_dice": 0.0,
      "mean_iou": 0.5084136679360023,
      "max_iou": 0.9832517877305231,
      "min_iou": 0.0
    },
    "3": {
      "count": 325,
      "num_valid": 324,
      "num_errors": 1,
      "num_no_pred_mask": 145,
      "mean_dice": 0.5196903576457826,
      "max_dice": 0.9880108514920801,
      "min_dice": 0.0,
      "mean_iou": 0.4931312066570534,
      "max_iou": 0.9763057765479073,
      "min_iou": 0.0
    },
    "4": {
      "count": 290,
      "num_valid": 289,
      "num_errors": 1,
      "num_no_pred_mask": 94,
      "mean_dice": 0.5925112765440222,
      "max_dice": 0.9860396767083027,
      "min_dice": 0.0,
      "mean_iou": 0.5472724398217673,
      "max_iou": 0.972463768115942,
      "min_iou": 0.0
    },
    "5": {
      "count": 241,
      "num_valid": 241,
      "num_errors": 0,
      "num_no_pred_mask": 47,
      "mean_dice": 0.71022741180526,
      "max_dice": 0.9881796690307328,
      "min_dice": 0.0,
      "mean_iou": 0.6579356041779246,
      "max_iou": 0.9766355140186916,
      "min_iou": 0.0
    },
    "6": {
      "count": 211,
      "num_valid": 211,
      "num_errors": 0,
      "num_no_pred_mask": 53,
      "mean_dice": 0.6225249107675781,
      "max_dice": 0.9848130841121495,
      "min_dice": 0.0,
      "mean_iou": 0.5525865587382807,
      "max_iou": 0.9700805523590333,
      "min_iou": 0.0
    },
    "7": {
      "count": 165,
      "num_valid": 165,
      "num_errors": 0,
      "num_no_pred_mask": 44,
      "mean_dice": 0.5761276577227608,
      "max_dice": 0.9744799485309886,
      "min_dice": 0.0,
      "mean_iou": 0.5008241205874049,
      "max_iou": 0.9502300292764534,
      "min_iou": 0.0
    },
    "8": {
      "count": 114,
      "num_valid": 114,
      "num_errors": 0,
      "num_no_pred_mask": 49,
      "mean_dice": 0.4384344632711618,
      "max_dice": 0.9478527607361963,
      "min_dice": 0.0,
      "mean_iou": 0.37435380364650017,
      "max_iou": 0.9008746355685131,
      "min_iou": 0.0
    },
    "9": {
      "count": 97,
      "num_valid": 97,
      "num_errors": 0,
      "num_no_pred_mask": 74,
      "mean_dice": 0.17357233605454933,
      "max_dice": 0.9097472924187726,
      "min_dice": 0.0,
      "mean_iou": 0.13989611297900517,
      "max_iou": 0.8344370860927153,
      "min_iou": 0.0
    },
    "10": {
      "count": 54,
      "num_valid": 54,
      "num_errors": 0,
      "num_no_pred_mask": 50,
      "mean_dice": 0.03719037657338293,
      "max_dice": 0.5458924270805459,
      "min_dice": 0.0,
      "mean_iou": 0.02495164440617153,
      "max_iou": 0.37541405962458596,
      "min_iou": 0.0
    },
    "11": {
      "count": 23,
      "num_valid": 23,
      "num_errors": 0,
      "num_no_pred_mask": 16,
      "mean_dice": 0.07863724949546434,
      "max_dice": 0.520336605890603,
      "min_dice": 0.0,
      "mean_iou": 0.047853181462890124,
      "max_iou": 0.35165876777251187,
      "min_iou": 0.0
    }
  },
  "failure_reasons": {
    "gt_label_not_found": 5
  },