{
    "original_image_path": "/root/autodl-tmp/data/SAM3_data/AMOS2022/image/x/amos_0551_11.png",
    "output_image_path": "/root/autodl-tmp/work/sam3_med_agent_eval/outputs/AMOS2022_test50/per_case/amos_0551_11/sam_out/-root-autodl-tmp-data-SAM3_data-AMOS2022-image-x-amos_0551_11.png/right kidney.png",
    "orig_img_h": 468,
    "orig_img_w": 576,
    "pred_boxes": [
        [
            0.6556512713432312,
            0.35418233275413513,
            0.06655025482177734,
            0.0742577314376831
        ]
    ],
    "pred_masks": [
        "c_\\55\\>5L2O1O2M2N2O2M2O1O100O1O2N1O00100O100O10O010O01000O1O100O100O2N1O2N1O2N2M5K5ET`X2"
    ],
    "pred_scores": [
        0.87890625
    ]
}