{
  "num_records": 6744,
  "mean_dice": 0.21519840882120922,
  "mean_iou": 0.17477797449827698,
  "max_dice": 0.9844500191052116,
  "min_dice": 0.0,
  "max_iou": 0.969376237137856,
  "min_iou": 0.0,
  "num_failures": 128,
  "num_no_pred_mask": 772,
  "by_label": {
    "esophagus": {
      "count": 506,
      "num_valid": 506,
      "num_errors": 0,
      "num_no_pred_mask": 21,
      "mean_dice": 0.018901125101579878,
      "max_dice": 0.812962962962963,
      "min_dice": 0.0,
      "mean_iou": 0.011079950688983431,
      "max_iou": 0.6848673946957878,
      "min_iou": 0.0
    },
    "spinal_cord": {
      "count": 874,
      "num_valid": 874,
      "num_errors": 0,
      "num_no_pred_mask": 64,
      "mean_dice": 0.6681514816351554,
      "max_dice": 0.9611260053619303,
      "min_dice": 0.0,
      "mean_iou": 0.5588167024119942,
      "max_iou": 0.9251612903225807,
      "min_iou": 0.0
    },
    "brain": {
      "count": 571,
      "num_valid": 571,
      "num_errors": 0,
      "num_no_pred_mask": 2,
      "mean_dice": 0.8209378867197586,
      "max_dice": 0.9844500191052116,
      "min_dice": 0.0,
      "mean_iou": 0.7279120048997773,
      "max_iou": 0.969376237137856,
      "min_iou": 0.0
    },
    "temporal_lobe_left": {
      "count": 240,
      "num_valid": 240,
      "num_errors": 0,
      "num_no_pred_mask": 91,
      "mean_dice": 0.0642263231108825,
      "max_dice": 0.8171247357293869,
      "min_dice": 0.0,
      "mean_iou": 0.03882984180722253,
      "max_iou": 0.6907953529937444,
      "min_iou": 0.0
    },
    "temporal_lobe_right": {
      "count": 243,
      "num_valid": 243,
      "num_errors": 0,
      "num_no_pred_mask": 105,
      "mean_dice": 0.055645096459805934,
      "max_dice": 0.9232370543845954,
      "min_dice": 0.0,
      "mean_iou": 0.03634382997700916,
      "max_iou": 0.8574190430159497,
      "min_iou": 0.0
    },
    "单标签追问": {
      "count": 128,
      "num_valid": 0,
      "num_errors": 128,
      "num_no_pred_mask": 0,
      "mean_dice": null,
      "max_dice": null,
      "min_dice": null,
      "mean_iou": null,
      "max_iou": null,
      "min_iou": null
    },
    "trachea": {
      "count": 380,
      "num_valid": 380,
      "num_errors": 0,
      "num_no_pred_mask": 1,
      "mean_dice": 0.3607816397918969,
      "max_dice": 0.8802395209580839,
      "min_dice": 0.0,
      "mean_iou": 0.2680452563288775,
      "max_iou": 0.786096256684492,
      "min_iou": 0.0
    },
    "thyroid": {
      "count": 196,
      "num_valid": 196,
      "num_errors": 0,
      "num_no_pred_mask": 6,
      "mean_dice": 0.2186950944478517,
      "max_dice": 0.8973580663293985,
      "min_dice": 0.0,
      "mean_iou": 0.15471944380357552,
      "max_iou": 0.8138254486133768,
      "min_iou": 0.0
    },
    "larynx": {
      "count": 256,
      "num_valid": 256,
      "num_errors": 0,
      "num_no_pred_mask": 0,
      "mean_dice": 0.22338904539687682,
      "max_dice": 0.6897732135216089,
      "min_dice": 0.0,
      "mean_iou": 0.14032924595082735,
      "max_iou": 0.5264532984977139,
      "min_iou": 0.0
    },
    "larynx_glottic": {
      "count": 88,
      "num_valid": 88,
      "num_errors": 0,
      "num_no_pred_mask": 3,
      "mean_dice": 0.0006435006435006435,
      "max_dice": 0.05662805662805663,
      "min_dice": 0.0,
      "mean_iou": 0.00033112582781456954,
      "max_iou": 0.02913907284768212,
      "min_iou": 0.0
    },
    "larynx_supraglot": {
      "count": 102,
      "num_valid": 102,
      "num_errors": 0,
      "num_no_pred_mask": 0,
      "mean_dice": 0.21705781666858,
      "max_dice": 0.6185618313013187,
      "min_dice": 0.0,
      "mean_iou": 0.12937249166467235,
      "max_iou": 0.4477665706051873,
      "min_iou": 0.0
    },
    "submandibular_right": {
      "count": 152,
      "num_valid": 152,
      "num_errors": 0,
      "num_no_pred_mask": 22,
      "mean_dice": 0.006040655813036635,
      "max_dice": 0.4707757704569607,
      "min_dice": 0.0,
      "mean_iou": 0.003706083898383246,
      "max_iou": 0.30785267546907574,
      "min_iou": 0.0
    },
    "submandibular_left": {
      "count": 157,
      "num_valid": 157,
      "num_errors": 0,
      "num_no_pred_mask": 24,
      "mean_dice": 0.000988490436199292,
      "max_dice": 0.15380507343124167,
      "min_dice": 0.0,
      "mean_iou": 0.0005350552362960492,
      "max_iou": 0.08330922765403528,
      "min_iou": 0.0
    },
    "mandible_left": {
      "count": 330,
      "num_valid": 330,
      "num_errors": 0,
      "num_no_pred_mask": 15,
      "mean_dice": 0.005405344261945032,
      "max_dice": 0.5096866096866097,
      "min_dice": 0.0,
      "mean_iou": 0.003487529554038906,
      "max_iou": 0.3419996176639266,
      "min_iou": 0.0
    },
    "mandible_right": {
      "count": 322,
      "num_valid": 322,
      "num_errors": 0,
      "num_no_pred_mask": 20,
      "mean_dice": 6.994656333024605e-05,
      "max_dice": 0.01169246848259194,
      "min_dice": 0.0,
      "mean_iou": 3.5171614237244725e-05,
      "max_iou": 0.005880613686389172,
      "min_iou": 0.0
    },
    "oral_cavity": {
      "count": 244,
      "num_valid": 244,
      "num_errors": 0,
      "num_no_pred_mask": 38,
      "mean_dice": 0.05812961018275193,
      "max_dice": 0.6934669338677355,
      "min_dice": 0.0,
      "mean_iou": 0.03662893063313184,
      "max_iou": 0.5307687588195594,
      "min_iou": 0.0
    },
    "parotid_left": {
      "count": 252,
      "num_valid": 252,
      "num_errors": 0,
      "num_no_pred_mask": 23,
      "mean_dice": 0.0,
      "max_dice": 0.0,
      "min_dice": 0.0,
      "mean_iou": 0.0,
      "max_iou": 0.0,
      "min_iou": 0.0
    },
    "parotid_right": {
      "count": 245,
      "num_valid": 245,
      "num_errors": 0,
      "num_no_pred_mask": 34,
      "mean_dice": 0.044098559498587576,
      "max_dice": 0.7876731693525587,
      "min_dice": 0.0,
      "mean_iou": 0.032777873435562974,
      "max_iou": 0.6497201492537313,
      "min_iou": 0.0
    },
    "brainstem": {
      "count": 258,
      "num_valid": 258,
      "num_errors": 0,
      "num_no_pred_mask": 31,
      "mean_dice": 0.12312818866652002,
      "max_dice": 0.878332959892449,
      "min_dice": 0.0,
      "mean_iou": 0.07359086442297295,
      "max_iou": 0.7830603276068717,
      "min_iou": 0.0
    },
    "mastoid_right": {
      "count": 161,
      "num_valid": 161,
      "num_errors": 0,
      "num_no_pred_mask": 33,
      "mean_dice": 0.002341840117581316,
      "max_dice": 0.26644736842105265,
      "min_dice": 0.0,
      "mean_iou": 0.0013041280937576305,
      "max_iou": 0.15370018975332067,
      "min_iou": 0.0
    },
    "mastoid_left": {
      "count": 162,
      "num_valid": 162,
      "num_errors": 0,
      "num_no_pred_mask": 14,
      "mean_dice": 0.01181587906833748,
      "max_dice": 0.7663603453077137,
      "min_dice": 0.0,
      "mean_iou": 0.008410135413518384,
      "max_iou": 0.6212189616252821,
      "min_iou": 0.0
    },
    "tympanic_cavity_left": {
      "count": 46,
      "num_valid": 46,
      "num_errors": 0,
      "num_no_pred_mask": 29,
      "mean_dice": 0.0,
      "max_dice": 0.0,
      "min_dice": 0.0,
      "mean_iou": 0.0,
      "max_iou": 0.0,
      "min_iou": 0.0
    },
    "temporomandibular_joint_right": {
      "count": 45,
      "num_valid": 45,
      "num_errors": 0,
      "num_no_pred_mask": 32,
      "mean_dice": 0.03300766391773217,
      "max_dice": 0.7495170637475853,
      "min_dice": 0.0,
      "mean_iou": 0.02501641704047163,
      "max_iou": 0.5993820803295572,
      "min_iou": 0.0
    },
    "eustachian_tube_left": {
      "count": 22,
      "num_valid": 22,
      "num_errors": 0,
      "num_no_pred_mask": 7,
      "mean_dice": 0.00018705574261129818,
      "max_dice": 0.00411522633744856,
      "min_dice": 0.0,
      "mean_iou": 9.372071227741331e-05,
      "max_iou": 0.002061855670103093,
      "min_iou": 0.0
    },
    "temporomandibular_joint_left": {
      "count": 43,
      "num_valid": 43,