{
  "num_records": 2357,
  "mean_dice": 0.14637459763632257,
  "mean_iou": 0.09752803653497918,
  "max_dice": 0.9765765765765766,
  "min_dice": 0.0,
  "max_iou": 0.954225352112676,
  "min_iou": 0.0,
  "num_failures": 5,
  "num_no_pred_mask": 12,
  "by_label": {
    "aorta": {
      "count": 282,
      "num_valid": 282,
      "num_errors": 0,
      "num_no_pred_mask": 0,
      "mean_dice": 0.10021122983425967,
      "max_dice": 0.9765765765765766,
      "min_dice": 0.0,
      "mean_iou": 0.06435759418569627,
      "max_iou": 0.954225352112676,
      "min_iou": 0.0
    },
    "inferior_vena_cava": {
      "count": 214,
      "num_valid": 214,
      "num_errors": 0,
      "num_no_pred_mask": 0,
      "mean_dice": 0.036442695443529675,
      "max_dice": 0.32722143864598024,
      "min_dice": 0.0,
      "mean_iou": 0.01931225633688819,
      "max_iou": 0.19561551433389546,
      "min_iou": 0.0
    },
    "duodenum": {
      "count": 149,
      "num_valid": 149,
      "num_errors": 0,
      "num_no_pred_mask": 0,
      "mean_dice": 0.037710519886333775,
      "max_dice": 0.39330543933054396,
      "min_dice": 0.0,
      "mean_iou": 0.020995009839777447,
      "max_iou": 0.24479166666666666,
      "min_iou": 0.0
    },
    "kidney_right": {
      "count": 168,
      "num_valid": 168,
      "num_errors": 0,
      "num_no_pred_mask": 1,
      "mean_dice": 0.08258664121315597,
      "max_dice": 0.9592476489028213,
      "min_dice": 0.0,
      "mean_iou": 0.049447371982808755,
      "max_iou": 0.9216867469879518,
      "min_iou": 0.0
    },
    "kidney_left": {
      "count": 159,
      "num_valid": 159,
      "num_errors": 0,
      "num_no_pred_mask": 0,
      "mean_dice": 0.21060686209392526,
      "max_dice": 0.9609120521172638,
      "min_dice": 0.0,
      "mean_iou": 0.14110236441100185,
      "max_iou": 0.9247648902821317,
      "min_iou": 0.0
    },
    "liver": {
      "count": 383,
      "num_valid": 383,
      "num_errors": 0,
      "num_no_pred_mask": 1,
      "mean_dice": 0.4862959862193516,
      "max_dice": 0.9698419602725823,
      "min_dice": 0.0,
      "mean_iou": 0.3519540081961399,
      "max_iou": 0.9414496833216045,
      "min_iou": 0.0
    },
    "pancreas": {
      "count": 168,
      "num_valid": 168,
      "num_errors": 0,
      "num_no_pred_mask": 0,
      "mean_dice": 0.07281004171024774,
      "max_dice": 0.28051491016854974,
      "min_dice": 0.0,
      "mean_iou": 0.03914425093379732,
      "max_iou": 0.16313890235363818,
      "min_iou": 0.0
    },
    "spleen": {
      "count": 224,
      "num_valid": 224,
      "num_errors": 0,
      "num_no_pred_mask": 0,
      "mean_dice": 0.14553323473786742,
      "max_dice": 0.406468548985031,
      "min_dice": 0.0,
      "mean_iou": 0.08224987742708145,
      "max_iou": 0.25507406755363293,
      "min_iou": 0.0
    },
    "stomach": {
      "count": 259,
      "num_valid": 259,
      "num_errors": 0,
      "num_no_pred_mask": 7,
      "mean_dice": 0.07571547394931691,
      "max_dice": 0.7638425617078052,
      "min_dice": 0.0,
      "mean_iou": 0.042828628610819576,
      "max_iou": 0.6179168915272532,
      "min_iou": 0.0
    },
    "adrenal_gland_left": {
      "count": 88,
      "num_valid": 88,
      "num_errors": 0,
      "num_no_pred_mask": 1,
      "mean_dice": 1.7725216602146879e-06,
      "max_dice": 0.00015598190609889253,
      "min_dice": 0.0,
      "mean_iou": 8.863299558253149e-07,
      "max_iou": 7.799703611262772e-05,
      "min_iou": 0.0
    },
    "gallbladder": {
      "count": 92,
      "num_valid": 92,
      "num_errors": 0,
      "num_no_pred_mask": 0,
      "mean_dice": 0.04244653894078783,
      "max_dice": 0.11421811976419485,
      "min_dice": 0.0,
      "mean_iou": 0.021929613978647094,
      "max_iou": 0.060568043929827446,
      "min_iou": 0.0
    },
    "adrenal_gland_right": {
      "count": 72,
      "num_valid": 72,
      "num_errors": 0,
      "num_no_pred_mask": 0,
      "mean_dice": 0.0004603580283389936,
      "max_dice": 0.009006111289803796,
      "min_dice": 0.0,
      "mean_iou": 0.000230967388793055,
      "max_iou": 0.004523424878836834,
      "min_iou": 0.0
    },
    "esophagus": {
      "count": 94,
      "num_valid": 94,
      "num_errors": 0,
      "num_no_pred_mask": 2,
      "mean_dice": 0.006417556772961388,
      "max_dice": 0.09705882352941177,
      "min_dice": 0.0,
      "mean_iou": 0.0032781683860614213,
      "max_iou": 0.05100463678516229,
      "min_iou": 0.0
    },
    "单标签追问": {
      "count": 5,
      "num_valid": 0,
      "num_errors": 5,
      "num_no_pred_mask": 0,
      "mean_dice": null,
      "max_dice": null,
      "min_dice": null,
      "mean_iou": null,
      "max_iou": null,
      "min_iou": null
    }
  },
  "by_turn": {
    "1": {
      "count": 422,
      "num_valid": 422,
      "num_errors": 0,
      "num_no_pred_mask": 6,
      "mean_dice": 0.1774325785695563,
      "max_dice": 0.9609120521172638,
      "min_dice": 0.0,
      "mean_iou": 0.12179129750834862,
      "max_iou": 0.9247648902821317,
      "min_iou": 0.0
    },
    "2": {
      "count": 415,
      "num_valid": 412,
      "num_errors": 3,
      "num_no_pred_mask": 5,
      "mean_dice": 0.23191724811063194,
      "max_dice": 0.9765765765765766,
      "min_dice": 0.0,
      "mean_iou": 0.16457545364446258,
      "max_iou": 0.954225352112676,
      "min_iou": 0.0
    },
    "3": {
      "count": 325,
      "num_valid": 324,
      "num_errors": 1,
      "num_no_pred_mask": 0,
      "mean_dice": 0.23350952314619816,
      "max_dice": 0.9665401044138585,
      "min_dice": 0.0,
      "mean_iou": 0.15648835522325,
      "max_iou": 0.9352468427095293,
      "min_iou": 0.0
    },
    "4": {
      "count": 290,
      "num_valid": 289,
      "num_errors": 1,
      "num_no_pred_mask": 0,
      "mean_dice": 0.13546939449284298,
      "max_dice": 0.8675686056933123,
      "min_dice": 0.0,
      "mean_iou": 0.08746523554419304,
      "max_iou": 0.7661114042360745,
      "min_iou": 0.0
    },
    "5": {
      "count": 241,
      "num_valid": 241,
      "num_errors": 0,
      "num_no_pred_mask": 0,
      "mean_dice": 0.14373255408193383,
      "max_dice": 0.6466260096785219,
      "min_dice": 0.0,
      "mean_iou": 0.08820881690094512,
      "max_iou": 0.4777881164429084,
      "min_iou": 0.0
    },
    "6": {
      "count": 211,
      "num_valid": 211,
      "num_errors": 0,
      "num_no_pred_mask": 0,
      "mean_dice": 0.05593461049446218,
      "max_dice": 0.4433856250280937,
      "min_dice": 0.0,
      "mean_iou": 0.030045636379379643,
      "max_iou": 0.28483973433439214,
      "min_iou": 0.0
    },
    "7": {
      "count": 165,
      "num_valid": 165,
      "num_errors": 0,
      "num_no_pred_mask": 0,
      "mean_dice": 0.04393533498867492,
      "max_dice": 0.22513243084167156,
      "min_dice": 0.0,
      "mean_iou": 0.022872558911331654,
      "max_iou": 0.12684463604709004,
      "min_iou": 0.0
    },
    "8": {
      "count": 114,
      "num_valid": 114,
      "num_errors": 0,
      "num_no_pred_mask": 0,
      "mean_dice": 0.03269415955285419,
      "max_dice": 0.28051491016854974,
      "min_dice": 0.0,
      "mean_iou": 0.01731263139377471,
      "max_iou": 0.16313890235363818,
      "min_iou": 0.0
    },
    "9": {
      "count": 97,
      "num_valid": 97,
      "num_errors": 0,
      "num_no_pred_mask": 1,
      "mean_dice": 0.015297033233086208,
      "max_dice": 0.22556148004524157,
      "min_dice": 0.0,
      "mean_iou": 0.008148636949593347,
      "max_iou": 0.12711710071025314,
      "min_iou": 0.0
    },
    "10": {
      "count": 54,
      "num_valid": 54,
      "num_errors": 0,
      "num_no_pred_mask": 0,
      "mean_dice": 0.001841986454059114,
      "max_dice": 0.04344328238133548,
      "min_dice": 0.0,
      "mean_iou": 0.0009331637790862243,
      "max_iou": 0.022203947368421052,
      "min_iou": 0.0
    },
    "11": {
      "count": 23,
      "num_valid": 23,
      "num_errors": 0,
      "num_no_pred_mask": 0,