{
  "num_records": 6744,
  "mean_dice": 0.13358697008277978,
  "mean_iou": 0.10471473125430657,
  "max_dice": 0.99242288950685,
  "min_dice": 0.0,
  "max_iou": 0.9849597407201094,
  "min_iou": 0.0,
  "num_failures": 128,
  "num_no_pred_mask": 1374,
  "by_label": {
    "esophagus": {
      "count": 506,
      "num_valid": 506,
      "num_errors": 0,
      "num_no_pred_mask": 73,
      "mean_dice": 0.000732974615173327,
      "max_dice": 0.23902167871039467,
      "min_dice": 0.0,
      "mean_iou": 0.0004000809691289607,
      "max_iou": 0.13573232323232323,
      "min_iou": 0.0
    },
    "spinal_cord": {
      "count": 874,
      "num_valid": 874,
      "num_errors": 0,
      "num_no_pred_mask": 110,
      "mean_dice": 0.007853135755856215,
      "max_dice": 0.25871717606543265,
      "min_dice": 0.0,
      "mean_iou": 0.004166896134449132,
      "max_iou": 0.14857849196538936,
      "min_iou": 0.0
    },
    "brain": {
      "count": 571,
      "num_valid": 571,
      "num_errors": 0,
      "num_no_pred_mask": 85,
      "mean_dice": 0.7084481995066756,
      "max_dice": 0.99242288950685,
      "min_dice": 0.0,
      "mean_iou": 0.6354177426911736,
      "max_iou": 0.9849597407201094,
      "min_iou": 0.0
    },
    "temporal_lobe_left": {
      "count": 240,
      "num_valid": 240,
      "num_errors": 0,
      "num_no_pred_mask": 73,
      "mean_dice": 0.08150506131717734,
      "max_dice": 0.7792527040314651,
      "min_dice": 0.0,
      "mean_iou": 0.046806570217021615,
      "max_iou": 0.6383407168747482,
      "min_iou": 0.0
    },
    "temporal_lobe_right": {
      "count": 243,
      "num_valid": 243,
      "num_errors": 0,
      "num_no_pred_mask": 139,
      "mean_dice": 0.05316647175352582,
      "max_dice": 0.9077334835892379,
      "min_dice": 0.0,
      "mean_iou": 0.033475425208578026,
      "max_iou": 0.8310549393861233,
      "min_iou": 0.0
    },
    "单标签追问": {
      "count": 128,
      "num_valid": 0,
      "num_errors": 128,
      "num_no_pred_mask": 0,
      "mean_dice": null,
      "max_dice": null,
      "min_dice": null,
      "mean_iou": null,
      "max_iou": null,
      "min_iou": null
    },
    "trachea": {
      "count": 380,
      "num_valid": 380,
      "num_errors": 0,
      "num_no_pred_mask": 0,
      "mean_dice": 0.3273437120706613,
      "max_dice": 0.7966804979253111,
      "min_dice": 0.015806304248515302,
      "mean_iou": 0.24011338808566104,
      "max_iou": 0.6620689655172414,
      "min_iou": 0.00796610949947046
    },
    "thyroid": {
      "count": 196,
      "num_valid": 196,
      "num_errors": 0,
      "num_no_pred_mask": 18,
      "mean_dice": 0.0,
      "max_dice": 0.0,
      "min_dice": 0.0,
      "mean_iou": 0.0,
      "max_iou": 0.0,
      "min_iou": 0.0
    },
    "larynx": {
      "count": 256,
      "num_valid": 256,
      "num_errors": 0,
      "num_no_pred_mask": 2,
      "mean_dice": 0.03887189248779574,
      "max_dice": 0.5867377146240379,
      "min_dice": 0.0,
      "mean_iou": 0.02261772870003528,
      "max_iou": 0.4151654796816087,
      "min_iou": 0.0
    },
    "larynx_glottic": {
      "count": 88,
      "num_valid": 88,
      "num_errors": 0,
      "num_no_pred_mask": 8,
      "mean_dice": 0.005345252115525382,
      "max_dice": 0.0872865275142315,
      "min_dice": 0.0,
      "mean_iou": 0.002752268905268079,
      "max_iou": 0.04563492063492063,
      "min_iou": 0.0
    },
    "larynx_supraglot": {
      "count": 102,
      "num_valid": 102,
      "num_errors": 0,
      "num_no_pred_mask": 10,
      "mean_dice": 0.011703306355465392,
      "max_dice": 0.2036697247706422,
      "min_dice": 0.0,
      "mean_iou": 0.006224388486005967,
      "max_iou": 0.11338100102145046,
      "min_iou": 0.0
    },
    "submandibular_right": {
      "count": 152,
      "num_valid": 152,
      "num_errors": 0,
      "num_no_pred_mask": 46,
      "mean_dice": 0.0,
      "max_dice": 0.0,
      "min_dice": 0.0,
      "mean_iou": 0.0,
      "max_iou": 0.0,
      "min_iou": 0.0
    },
    "submandibular_left": {
      "count": 157,
      "num_valid": 157,
      "num_errors": 0,
      "num_no_pred_mask": 18,
      "mean_dice": 4.160984322451319e-06,
      "max_dice": 0.0006532745386248571,
      "min_dice": 0.0,
      "mean_iou": 2.0811719495482297e-06,
      "max_iou": 0.00032674399607907203,
      "min_iou": 0.0
    },
    "mandible_left": {
      "count": 330,
      "num_valid": 330,
      "num_errors": 0,
      "num_no_pred_mask": 38,
      "mean_dice": 0.19217141292108536,
      "max_dice": 0.6478946008783261,
      "min_dice": 0.0,
      "mean_iou": 0.12782963951593432,
      "max_iou": 0.4791746274359954,
      "min_iou": 0.0
    },
    "mandible_right": {
      "count": 322,
      "num_valid": 322,
      "num_errors": 0,
      "num_no_pred_mask": 44,
      "mean_dice": 0.2543469728604601,
      "max_dice": 0.882258064516129,
      "min_dice": 0.0,
      "mean_iou": 0.18301020335651205,
      "max_iou": 0.7893217893217893,
      "min_iou": 0.0
    },
    "oral_cavity": {
      "count": 244,
      "num_valid": 244,
      "num_errors": 0,
      "num_no_pred_mask": 50,
      "mean_dice": 0.02100772147877031,
      "max_dice": 0.5347012673506337,
      "min_dice": 0.0,
      "mean_iou": 0.012734027537704968,
      "max_iou": 0.3649093904448105,
      "min_iou": 0.0
    },
    "parotid_left": {
      "count": 252,
      "num_valid": 252,
      "num_errors": 0,
      "num_no_pred_mask": 166,
      "mean_dice": 0.0,
      "max_dice": 0.0,
      "min_dice": 0.0,
      "mean_iou": 0.0,
      "max_iou": 0.0,
      "min_iou": 0.0
    },
    "parotid_right": {
      "count": 245,
      "num_valid": 245,
      "num_errors": 0,
      "num_no_pred_mask": 171,
      "mean_dice": 0.0,
      "max_dice": 0.0,
      "min_dice": 0.0,
      "mean_iou": 0.0,
      "max_iou": 0.0,
      "min_iou": 0.0
    },
    "brainstem": {
      "count": 258,
      "num_valid": 258,
      "num_errors": 0,
      "num_no_pred_mask": 20,
      "mean_dice": 0.08650021162505397,
      "max_dice": 0.5766526019690577,
      "min_dice": 0.0,
      "mean_iou": 0.0472284033951098,
      "max_iou": 0.4051383399209486,
      "min_iou": 0.0
    },
    "mastoid_right": {
      "count": 161,
      "num_valid": 161,
      "num_errors": 0,
      "num_no_pred_mask": 6,
      "mean_dice": 0.37524264921433564,
      "max_dice": 0.916030534351145,
      "min_dice": 0.0,
      "mean_iou": 0.26903377240040416,
      "max_iou": 0.8450704225352113,
      "min_iou": 0.0
    },
    "mastoid_left": {
      "count": 162,
      "num_valid": 162,
      "num_errors": 0,
      "num_no_pred_mask": 9,
      "mean_dice": 0.3919394146971914,
      "max_dice": 0.8732290708371665,
      "min_dice": 0.0,
      "mean_iou": 0.28045095231736067,
      "max_iou": 0.7749836708033965,
      "min_iou": 0.0
    },
    "tympanic_cavity_left": {
      "count": 46,
      "num_valid": 46,
      "num_errors": 0,
      "num_no_pred_mask": 3,
      "mean_dice": 0.04965184495981213,
      "max_dice": 0.22670623145400592,
      "min_dice": 0.0,
      "mean_iou": 0.026690973690561826,
      "max_iou": 0.1278447121820616,
      "min_iou": 0.0
    },
    "temporomandibular_joint_right": {
      "count": 45,
      "num_valid": 45,
      "num_errors": 0,
      "num_no_pred_mask": 9,
      "mean_dice": 0.0007265248035578526,
      "max_dice": 0.014000341471743213,
      "min_dice": 0.0,
      "mean_iou": 0.0003653962302921798,
      "max_iou": 0.007049518569463549,
      "min_iou": 0.0
    },
    "eustachian_tube_left": {
      "count": 22,
      "num_valid": 22,
      "num_errors": 0,
      "num_no_pred_mask": 0,
      "mean_dice": 0.019687578830479145,
      "max_dice": 0.12281222189261347,
      "min_dice": 0.0,
      "mean_iou": 0.010305615732115907,
      "max_iou": 0.06542351453855878,
      "min_iou": 0.0
    },
    "temporomandibular_joint_left": {
      "count": 43,
      "num_valid": 43,
      "num_errors": 0,
      "num_no_pred_mask": 12,
      "mean_dice": 0.0019130199225171995,