{
  "num_records": 2357,
  "mean_dice": 0.25573328901282916,
  "mean_iou": 0.21234809946976113,
  "max_dice": 0.98402466367713,
  "min_dice": 0.0,
  "max_iou": 0.968551724137931,
  "min_iou": 0.0,
  "num_failures": 5,
  "num_no_pred_mask": 1009,
  "by_label": {
    "aorta": {
      "count": 282,
      "num_valid": 282,
      "num_errors": 0,
      "num_no_pred_mask": 6,
      "mean_dice": 0.5356657883753345,
      "max_dice": 0.9833729216152018,
      "min_dice": 0.0,
      "mean_iou": 0.47051824684295124,
      "max_iou": 0.9672897196261683,
      "min_iou": 0.0
    },
    "inferior_vena_cava": {
      "count": 214,
      "num_valid": 214,
      "num_errors": 0,
      "num_no_pred_mask": 133,
      "mean_dice": 0.1069501178763773,
      "max_dice": 0.9530864197530864,
      "min_dice": 0.0,
      "mean_iou": 0.09174012108787019,
      "max_iou": 0.910377358490566,
      "min_iou": 0.0
    },
    "duodenum": {
      "count": 149,
      "num_valid": 149,
      "num_errors": 0,
      "num_no_pred_mask": 147,
      "mean_dice": 0.007891886355997557,
      "max_dice": 0.7114523352527191,
      "min_dice": 0.0,
      "mean_iou": 0.005735506119198211,
      "max_iou": 0.5521350546176763,
      "min_iou": 0.0
    },
    "kidney_right": {
      "count": 168,
      "num_valid": 168,
      "num_errors": 0,
      "num_no_pred_mask": 1,
      "mean_dice": 0.2866082305944892,
      "max_dice": 0.8936804990507188,
      "min_dice": 0.0,
      "mean_iou": 0.19956605883171605,
      "max_iou": 0.8077960284383428,
      "min_iou": 0.0
    },
    "kidney_left": {
      "count": 159,
      "num_valid": 159,
      "num_errors": 0,
      "num_no_pred_mask": 1,
      "mean_dice": 0.4434205214019489,
      "max_dice": 0.9802473101011723,
      "min_dice": 0.0,
      "mean_iou": 0.3418921571645572,
      "max_iou": 0.961259842519685,
      "min_iou": 0.0
    },
    "liver": {
      "count": 383,
      "num_valid": 383,
      "num_errors": 0,
      "num_no_pred_mask": 241,
      "mean_dice": 0.25953488774496947,
      "max_dice": 0.9563621533442088,
      "min_dice": 0.0,
      "mean_iou": 0.22323441662336166,
      "max_iou": 0.9163735834310277,
      "min_iou": 0.0
    },
    "pancreas": {
      "count": 168,
      "num_valid": 168,
      "num_errors": 0,
      "num_no_pred_mask": 153,
      "mean_dice": 0.01926995563299329,
      "max_dice": 0.882466281310212,
      "min_dice": 0.0,
      "mean_iou": 0.01473504800289502,
      "max_iou": 0.7896551724137931,
      "min_iou": 0.0
    },
    "spleen": {
      "count": 224,
      "num_valid": 224,
      "num_errors": 0,
      "num_no_pred_mask": 10,
      "mean_dice": 0.5258431097550625,
      "max_dice": 0.98402466367713,
      "min_dice": 0.0,
      "mean_iou": 0.4323843416761042,
      "max_iou": 0.968551724137931,
      "min_iou": 0.0
    },
    "stomach": {
      "count": 259,
      "num_valid": 259,
      "num_errors": 0,
      "num_no_pred_mask": 88,
      "mean_dice": 0.11819422085131981,
      "max_dice": 0.9825783972125436,
      "min_dice": 0.0,
      "mean_iou": 0.08637793816151886,
      "max_iou": 0.9657534246575342,
      "min_iou": 0.0
    },
    "adrenal_gland_left": {
      "count": 88,
      "num_valid": 88,
      "num_errors": 0,
      "num_no_pred_mask": 73,
      "mean_dice": 0.0002207547151679163,
      "max_dice": 0.01206896551724138,
      "min_dice": 0.0,
      "mean_iou": 0.00011094802855427313,
      "max_iou": 0.006071118820468344,
      "min_iou": 0.0
    },
    "gallbladder": {
      "count": 92,
      "num_valid": 92,
      "num_errors": 0,
      "num_no_pred_mask": 21,
      "mean_dice": 0.6031450095436722,
      "max_dice": 0.9627118644067797,
      "min_dice": 0.0,
      "mean_iou": 0.5469505909741375,
      "max_iou": 0.9281045751633987,
      "min_iou": 0.0
    },
    "adrenal_gland_right": {
      "count": 72,
      "num_valid": 72,
      "num_errors": 0,
      "num_no_pred_mask": 55,
      "mean_dice": 0.0,
      "max_dice": 0.0,
      "min_dice": 0.0,
      "mean_iou": 0.0,
      "max_iou": 0.0,
      "min_iou": 0.0
    },
    "esophagus": {
      "count": 94,
      "num_valid": 94,
      "num_errors": 0,
      "num_no_pred_mask": 80,
      "mean_dice": 0.012346168826733096,
      "max_dice": 0.75,
      "min_dice": 0.0,
      "mean_iou": 0.009065863819790099,
      "max_iou": 0.6,
      "min_iou": 0.0
    },
    "单标签追问": {
      "count": 5,
      "num_valid": 0,
      "num_errors": 5,
      "num_no_pred_mask": 0,
      "mean_dice": null,
      "max_dice": null,
      "min_dice": null,
      "mean_iou": null,
      "max_iou": null,
      "min_iou": null
    }
  },
  "by_turn": {
    "1": {
      "count": 422,
      "num_valid": 422,
      "num_errors": 0,
      "num_no_pred_mask": 106,
      "mean_dice": 0.3906071366263044,
      "max_dice": 0.98402466367713,
      "min_dice": 0.0,
      "mean_iou": 0.32067297867047617,
      "max_iou": 0.968551724137931,
      "min_iou": 0.0
    },
    "2": {
      "count": 415,
      "num_valid": 412,
      "num_errors": 3,
      "num_no_pred_mask": 98,
      "mean_dice": 0.3219674532164334,
      "max_dice": 0.9802473101011723,
      "min_dice": 0.0,
      "mean_iou": 0.26475703241702087,
      "max_iou": 0.961259842519685,
      "min_iou": 0.0
    },
    "3": {
      "count": 325,
      "num_valid": 324,
      "num_errors": 1,
      "num_no_pred_mask": 123,
      "mean_dice": 0.33436241168891445,
      "max_dice": 0.9833729216152018,
      "min_dice": 0.0,
      "mean_iou": 0.27573178686079297,
      "max_iou": 0.9672897196261683,
      "min_iou": 0.0
    },
    "4": {
      "count": 290,
      "num_valid": 289,
      "num_errors": 1,
      "num_no_pred_mask": 154,
      "mean_dice": 0.2105004068943833,
      "max_dice": 0.9683195592286501,
      "min_dice": 0.0,
      "mean_iou": 0.18398756507452813,
      "max_iou": 0.9385847797062751,
      "min_iou": 0.0
    },
    "5": {
      "count": 241,
      "num_valid": 241,
      "num_errors": 0,
      "num_no_pred_mask": 90,
      "mean_dice": 0.2707840230804462,
      "max_dice": 0.9825783972125436,
      "min_dice": 0.0,
      "mean_iou": 0.23048942977923992,
      "max_iou": 0.9657534246575342,
      "min_iou": 0.0
    },
    "6": {
      "count": 211,
      "num_valid": 211,
      "num_errors": 0,
      "num_no_pred_mask": 98,
      "mean_dice": 0.16642080393405526,
      "max_dice": 0.9628127112914131,
      "min_dice": 0.0,
      "mean_iou": 0.13530850908395436,
      "max_iou": 0.9282920469361148,
      "min_iou": 0.0
    },
    "7": {
      "count": 165,
      "num_valid": 165,
      "num_errors": 0,
      "num_no_pred_mask": 92,
      "mean_dice": 0.18916670343672723,
      "max_dice": 0.9714285714285714,
      "min_dice": 0.0,
      "mean_iou": 0.15713728098744909,
      "max_iou": 0.9444444444444444,
      "min_iou": 0.0
    },
    "8": {
      "count": 114,
      "num_valid": 114,
      "num_errors": 0,
      "num_no_pred_mask": 94,
      "mean_dice": 0.015538878685292995,
      "max_dice": 0.8553027050236153,
      "min_dice": 0.0,
      "mean_iou": 0.013271601228645872,
      "max_iou": 0.7471867966991748,
      "min_iou": 0.0
    },
    "9": {
      "count": 97,
      "num_valid": 97,
      "num_errors": 0,
      "num_no_pred_mask": 87,
      "mean_dice": 0.014976809818833552,
      "max_dice": 0.6552987598647125,
      "min_dice": 0.0,
      "mean_iou": 0.010112422945056102,
      "max_iou": 0.4873192202892475,
      "min_iou": 0.0
    },
    "10": {
      "count": 54,
      "num_valid": 54,
      "num_errors": 0,
      "num_no_pred_mask": 44,
      "mean_dice": 0.0003597484247180858,
      "max_dice": 0.01206896551724138,
      "min_dice": 0.0,
      "mean_iou": 0.0001808041946810377,
      "max_iou": 0.006071118820468344,
      "min_iou": 0.0
    },
    "11": {
      "count": 23,
      "num_valid": 23,
      "num_errors": 0,
      "num_no_pred_mask": 23,
      "mean_dice": 0.0,
      "max_dice": 0.0,
      "min_dice": 0.0,
      "mean_iou": 0.0,
      "max_iou": 0.0,